Workbook

Sheet Market growth
B3: Year | C3: Forecast | D3: Actuals | F3: Use Case, let's say forecast was made with data available thru end of 2025 but when showing actuals, we have another 6 month
B4: 2026 | C4: 70276510 | D4: 70776510 | F4: of date thru Jun'26. These latest 6 months look very promosing, so that can alter how we think about market growth
B5: =B4+1 -> 2027 | C5: 71500000 | D5: 72300000 | F5: previous data points (end of 2025) in the forecast suggested CAGR of 1.6% but now with additional data points, it's expected to be
B6: =B5+1 -> 2028 | C6: 72939400 | D6: 73839400 | F6: 2.1%. The deviation that will cause in the LLT market is what we're trying to showcase.
B7: =B6+1 -> 2029 | C7: 74483148 | D7: 75483148 | F7: Impact of recent deviations in how we think market will expand
B8: =B7+1 -> 2030 | C8: 76045549 | D8: 77045549
B9: =B8+1 -> 2031 | C9: 77584100 | D9: 78584100
B10: =B9+1 -> 2032 | C10: 79078001 | D10: 80278001
B11: =B10+1 -> 2033 | C11: 80517405 | D11: 82017405
B12: =B11+1 -> 2034 | C12: 81904630 | D12: 83704630
B13: =B12+1 -> 2035 | C13: 83242203 | D13: 85542203
B14: =B13+1 -> 2036 | C14: 84528480 | D14: 87328480
B15: =B14+1 -> 2037 | C15: 85765943 | D15: 89065943
B16: =B15+1 -> 2038 | C16: 86956956 | D16: 91056956
B17: =B16+1 -> 2039 | C17: 88103766 | D17: 92903766
B18: =B17+1 -> 2040 | C18: 89208513 | D18: 94808513
B19: =B18+1 -> 2041 | C19: 90269247 | D19: 96869247
... B21: =B20+1 -> 2043 | C21: 92267092 | D21: 1.0066709e+08

Sheet Patient split
B2: Table 1
B4: Major Patient Segment | C4: Current forecast distribution
B5: ASCVD | C5: =SUM(C13:C18) -> 0.35
B6: Diabetes without ASCVD | C6: =SUM(C19:C24) -> 0.296
B7: No ASCVD / Diabetes | C7: =SUM(C25:C26) -> 0.354
B10: Table 2
G11: Source: Hybrid approach _data requirement_vf.02 (Forian Data - Qral Outputs)
B12: Patient Segment | C12: Patient Split - Forecast | D12: Patient Split - Lates based on claims
B13: ASCVD 21+ Points Above Goal | Max Dose Statin and/or Combo Therapy | C13: 0.104 | D13: 0.095 | G13: 1D —— Inadequately Treated (Max Tolerated Statin) 21+ pts above goal | H13: 52020.992 | I13: =H13/SUM($H$13:$H$26) -> 0.011332979
B14: ASCVD at Goal | C14: 0.111 | D14: 0.115 | G14: 1F —— Any Treatment At goal (≤5) | H14: 184603.99 | I14: =H14/SUM($H$13:$H$26) -> 0.040216709
B15: ASCVD 21+ Points Above Goal | Intolerant/Unwilling to Use Statins | C15: 0.077 | D15: 0.082 | G15: 1B —— Statin Intolerant / Unwilling 21+ pts above goal | H15: 25191.39 | I15: =H15/SUM($H$13:$H$26) -> 0.0054880442
B16: ASCVD 6-20 Points Above Goal| Intolerant/Unwilling to Use Statins | C16: 0.009 | D16: 0.009 | G16: 1A —— Statin Intolerant / Unwilling 6–20 pts above goal | H16: 2973.8976 | I16: =H16/SUM($H$13:$H$26) -> 0.00064787536
B17: ASCVD 6-20 Points Above Goal | Max Dose Statin and/or Combo Therapy | C17: 0.016 | D17: 0.016 | G17: 1C —— Inadequately Treated (Max Tolerated Statin) 6–20 pts above goal | H17: 9836.8737 | I17: =H17/SUM($H$13:$H$26) -> 0.0021430019
B18: ASCVD | Statin Only Treatment | C18: 0.033 | D18: 0.035 | G18: 1E —— No treatment beyond statin needed 6+ pts above goal | H18: 633852.86 | I18: =H18/SUM($H$13:$H$26) -> 0.13808736
B19: PP w/T2D 21+ Points Above Goal | Max Dose Statin and/or Combo Therapy | C19: 0.096 | D19: 0.091 | G19: 2D —— Inadequately Treated (Max Tolerated Statin) 21+ pts above goal | H19: 11962.022 | I19: =H19/SUM($H$13:$H$26) -> 0.0026059738
B20: PP w/T2D 6-20 Points Above Goal | Max Dose Statin and/or Combo Therapy | C20: 0.015 | D20: 0.014 | G20: 2C —— Inadequately Treated (Max Tolerated Statin) 6–20 pts above goal | H20: 3892.3168 | I20: =H20/SUM($H$13:$H$26) -> 0.00084795663
B21: PP w/T2D at Goal | C21: 0.061 | D21: 0.064 | G21: 2F —— Any Treatment At goal (≤5) | H21: 367854.14 | I21: =H21/SUM($H$13:$H$26) -> 0.080138482
B22: PP w/T2D 6-20 Points Above Goal | Intolerant/Unwilling to Use Statins | C22: 0.011 | D22: 0.012 | G22: 2B —— Statin Intolerant / Unwilling 21+ pts above goal | H22: 6675.8245 | I22: =H22/SUM($H$13:$H$26) -> 0.0014543548
B23: PP w/T2D 21+ Points Above Goal | Intolerant/Unwilling to Use Statins | C23: 0.077 | D23: 0.068 | G23: 2A —— Statin Intolerant / Unwilling 6–20 pts above goal | H23: 2276.6577 | I23: =H23/SUM($H$13:$H$26) -> 0.00049597891
B24: PP w/T2D | Statin Only Treatment | C24: 0.036 | D24: 0.035 | G24: 2E —— No treatment beyond statin needed 6+ pts above goal | H24: 253346.04 | I24: =H24/SUM($H$13:$H$26) -> 0.055192437
B25: PP without T2D - Other Risk Factors | C25: 0.256 | D25: 0.27 | G25: 3 - No ASCVD/Diabetes – Other Risk Factors | H25: =SUM(H31:H33) -> 1624067 | I25: =H25/SUM($H$13:$H$26) -> 0.35380943
B26: PP without T2D - No significant risk factor | C26: 0.098 | D26: =1-SUM(D13:D25) -> 0.094 | G26: 4 - No ASCVD/Diabetes – No Significant Risk Factors | H26: =SUM(H34:H36) -> 1411677 | I26: =H26/SUM($H$13:$H$26) -> 0.30753942
B27: Total - Base case | C27: =SUM(C13:C26) -> 1 | D27: =SUM(D13:D26) -> 1
G31: 3A —— Statin Intolerant or Inadequate 0+ pts above goal | H31: 113118
G32: 3B —— No treatment beyond statin needed 0+ pts above goal | H32: 1301493
G33: 3C —— Not treated | H33: 209456
G34: 4 —— Statin Intolerant or Inadequate 0+ pts above goal | H34: 79616
G35: 4 —— No treatment beyond statin needed 0+ pts above goal | H35: 1046324
G36: 4 —— Statin Intolerant or Inadequate or Statin Titrated 0+ pts above goal | H36: 285737
G37: 1G —— Not treated At goal (≤5 above) | H37: 25600.428
G38: 1H —— Not treated 6+ pts above goal | H38: 133075.57
G39: 2G —— Not treated At goal (≤5 above) | H39: 40414.103
G40: 2H —— Not treated 6+ pts above goal | H40: 47766.897

Sheet Product Uptake
B3: Month | C3: Modelled Curve | D3: Lipfendra Uptake | E3: Forecast NPS Count | F3: Actual NPS Count
B4: 46204 | C4: 0.02 | D4: 0.019 | E4: 16000 | F4: 18240
B5: 46235 | C5: 0.03 | D5: 0.036 | E5: 32333 | F5: 34920
B6: 46266 | C6: 0.05 | D6: 0.054 | E6: 49000 | F6: 52920
B7: 46296 | C7: 0.07 | D7: 0.071 | E7: 66000 | F7: 70290
B8: 46327 | C8: 0.08 | D8: 0.088 | E8: 83333 | F8: 88000
B9: 46357 | C9: 0.1 | D9: 0.104 | E9: 101000 | F9: 105040
B10: 46388 | C10: 0.12
B11: 46419 | C11: 0.13
B12: 46447 | C12: 0.15
B13: 46478 | C13: 0.17
B14: 46508 | C14: 0.18
B15: 46539 | C15: 0.2
B16: 46569 | C16: 0.22
B17: 46600 | C17: 0.23
B18: 46631 | C18: 0.25
B19: 46661 | C19: 0.27
B20: 46692 | C20: 0.28
B21: 46722 | C21: 0.3
... B63: 48000 | C63: 1

Sheet Source of Liphendra starts
B3: Month | C3: Newly intensified from conventional LLT | D3: Switch from advanced competitors | E3: Other/Unknown | H3: Month | I3: Active Lipfendra writers | J3: % Rx from top 10% writers | K3: % Rx from top 25% writers | L3: Avg. Rx per active writer | M3: New writers added
B4: 46204 | C4: 0.06 | D4: 0.9 | E4: 0.04 | H4: 46229 | I4: 1200 | J4: 0.58 | K4: 0.78 | L4: 6.8 | M4: 1200
B5: 46235 | C5: 0.08 | D5: 0.88 | E5: 0.04 | H5: 46260 | I5: 1450 | J5: 0.55 | K5: 0.75 | L5: 6.6 | M5: 250
B6: 46266 | C6: 0.1 | D6: 0.86 | E6: 0.04 | H6: 46291 | I6: 1750 | J6: 0.51 | K6: 0.72 | L6: 6.4 | M6: 300
B7: 46296 | C7: 0.12 | D7: 0.84 | E7: 0.04 | H7: 46321 | I7: 2100 | J7: 0.47 | K7: 0.68 | L7: 6.2 | M7: 350
B8: 46327 | C8: 0.14 | D8: 0.82 | E8: 0.04 | H8: 46352 | I8: 2500 | J8: 0.43 | K8: 0.64 | L8: 6 | M8: 400
B9: 46357 | C9: 0.16 | D9: 0.8 | E9: 0.04 | H9: 46382 | I9: 2950 | J9: 0.39 | K9: 0.6 | L9: 5.8 | M9: 450
B13: Month | C13: Total advanced LLT patients* | D13: MoM growth | E13: Active HCP universe for advanced LLTs | F13: Median time to escalation | H13: Month | I13: Median time to escalation
B14: 46204 | C14: 1.00M | D14: — | E14: 8200 | F14: 8.5 mo. | H14: 46204 | I14: 8.5 mo.
B15: 46235 | C15: 1.01M | D15: 0.01 | E15: 8450 | F15: 8.4 mo. | H15: 46235 | I15: 8.4 mo.
B16: 46266 | C16: 1.02M | D16: 0.01 | E16: 8750 | F16: 8.2 mo. | H16: 46266 | I16: 8.2 mo.
B17: 46296 | C17: 1.04M | D17: 0.015 | E17: 9050 | F17: 8.0 mo. | H17: 46296 | I17: 8.0 mo.
B18: 46327 | C18: 1.06M | D18: 0.019 | E18: 9400 | F18: 7.8 mo. | H18: 46327 | I18: 7.8 mo.
B19: 46357 | C19: 1.08M | D19: 0.019 | E19: 9800 | F19: 7.6 mo. | H19: 46357 | I19: 7.6 mo.

Sheet Liphendra NPS and Persistency
B1: NPS | G1: Persistency
B3: Month | C3: Forecasted NPS | D3: Actual NPS | G3: Month | H3: New Forecast Blended Curve | I3: Lipfendra | J3: Ezetimibe | K3: Bempedoic | L3: Repatha | M3: Leqvio
B4: 46204 | C4: 539.53841 | D4: =C4*('Product Uptake'!$M$5/'Product Uptake'!$L$5) -> #DIV/0! | G4: M01 | H4: 1 | I4: 1 | J4: 1 | K4: 1 | L4: 1 | M4: 1
B5: 46235 | C5: 5259.3226 | D5: =C5*('Product Uptake'!$M$5/'Product Uptake'!$L$5) -> #DIV/0! | G5: M02 | H5: 0.90135152 | I5: 0.92 | J5: 0.92 | K5: 0.89 | L5: 0.6 | M5: 0.56
B6: 46266 | C6: 11943.405 | D6: =C6*('Product Uptake'!$M$5/'Product Uptake'!$L$5) -> #DIV/0! | G6: M03 | H6: 0.81886947 | I6: 0.83 | J6: 0.84 | K6: 0.79 | L6: 0.52 | M6: 0.49
B7: 46296 | C7: 12288.269 | D7: =C7*('Product Uptake'!$M$5/'Product Uptake'!$L$5) -> #DIV/0! | G7: M04 | H7: 0.7302874 | I7: 0.77 | J7: 0.74 | K7: 0.69 | L7: 0.45 | M7: 0.43
B8: 46327 | C8: 14530.163 | D8: =C8*('Product Uptake'!$M$5/'Product Uptake'!$L$5) -> #DIV/0! | G8: M05 | H8: 0.65091648 | I8: 0.7 | J8: 0.65 | K8: 0.59 | L8: 0.4 | M8: 0.38
B9: 46357 | C9: 15557.437 | D9: =C9*('Product Uptake'!$M$5/'Product Uptake'!$L$5) -> #DIV/0! | G9: M06 | H9: 0.58245497 | I9: 0.65 | J9: 0.57 | K9: 0.52 | L9: 0.37 | M9: 0.35
B10: 46388 | C10: 17982.961 | G10: M07 | H10: 0.55787816
B11: 46419 | C11: 21680.969 | G11: M08 | H11: 0.53675915
B12: 46447 | C12: 22262.125 | G12: M09 | H12: 0.51648946
B13: 46478 | C13: 24010.098 | G13: M10 | H13: 0.4983591
B14: 46508 | C14: 24577.437 | G14: M11 | H14: 0.4813196
B15: 46539 | C15: 25250.575 | G15: M12 | H15: 0.46640328
B16: 46569 | C16: 25981.314 | G16: M13 | H16: 0.45375317
B17: 46600 | C17: 26590.063 | G17: M14 | H17: 0.44178851
B18: 46631 | C18: 27149.504 | G18: M15 | H18: 0.43024697
B19: 46661 | C19: 27723.506 | G19: M16 | H19: 0.41964471
B20: 46692 | C20: 28278.543 | G20: M17 | H20: 0.40867865
B21: 46722 | C21: 28948.388 | G21: M18 | H21: 0.39838494
... B189: 51836 | C189: 44573.417 | G189: M186 | H189: 0.1904897
G190: M187 | H190: 0.18875772
G191: M188 | H191: 0.18875772
G192: M189 | H192: 0.18875772
G193: M190 | H193: 0.18875772

Sheet Assumption Monitor
B3: Assumption | C3: Base Forecast | D3: Aug Evidence | E3: Oct Evidence | F3: Dec Evidence | G3: Status | H3: Source
B4: Market CAGR | C4: 0.0158 | D4: 0.017 | E4: 0.019 | F4: 0.021 | G4: Monitor | H4: Forian claims
B5: Diagnosis rate | C5: 0.806 | D5: 0.807 | E5: 0.808 | F5: 0.81 | G5: Holds | H5: Forian claims
B6: Treatment rate | C6: 0.807 | D6: 0.808 | E6: 0.811 | F6: 0.815 | G6: Monitor | H6: Forian claims
B7: Escalation time | C7: 8.4 mo | D7: 8.2 | E7: 7.8 | F7: 7.3 | G7: Holds | H7: Forian claims
B8: Compliance | C8: 0.84 | D8: — | E8: — | F8: 0.83 | G8: Holds | H8: Forian claims

Sheet LLT Product Mix
A1: LLT Product Mix — monthly source data
A2: Shares migrated from the prototype; patient counts are derived in the dashboard from the total pool.
A3: Month | B3: Total advanced LLT patients (M) | C3: Ezetimibe share | D3: Bempedoic share | E3: Repatha share | F3: Leqvio share | G3: Liphendra share
A4: 45658 | B4: 0.9 | C4: 0.46 | D4: 0.18 | E4: 0.24 | F4: 0.12 | G4: 0
A5: 45689 | B5: 0.91 | C5: 0.4567 | D5: 0.18 | E5: 0.24 | F5: 0.1233 | G5: 0
A6: 45717 | B6: 0.92 | C6: 0.4533 | D6: 0.18 | E6: 0.24 | F6: 0.1267 | G6: 0
A7: 45748 | B7: 0.93 | C7: 0.45 | D7: 0.18 | E7: 0.24 | F7: 0.13 | G7: 0
A8: 45778 | B8: 0.94 | C8: 0.4467 | D8: 0.1767 | E8: 0.2433 | F8: 0.1333 | G8: 0
A9: 45809 | B9: 0.95 | C9: 0.4433 | D9: 0.1733 | E9: 0.2467 | F9: 0.1367 | G9: 0
A10: 45839 | B10: 0.96 | C10: 0.44 | D10: 0.17 | E10: 0.25 | F10: 0.14 | G10: 0
A11: 45870 | B11: 0.97 | C11: 0.4367 | D11: 0.17 | E11: 0.25 | F11: 0.1433 | G11: 0
A12: 45901 | B12: 0.98 | C12: 0.4333 | D12: 0.17 | E12: 0.25 | F12: 0.1467 | G12: 0
A13: 45931 | B13: 0.99 | C13: 0.43 | D13: 0.17 | E13: 0.25 | F13: 0.15 | G13: 0
A14: 45962 | B14: 1 | C14: 0.4267 | D14: 0.1667 | E14: 0.2533 | F14: 0.1533 | G14: 0
A15: 45992 | B15: 1.01 | C15: 0.4233 | D15: 0.1633 | E15: 0.2567 | F15: 0.1567 | G15: 0
... A27: 46357 | B27: 1.11 | C27: 0.34 | D27: 0.13 | E27: 0.24 | F27: 0.17 | G27: 0.12

Sheet Prescriber Breadth Depth
A1: Prescriber Breadth vs Depth — source data
A2: Prototype data migrated into the workbook for maintainable dashboard updates.
A3: Specialty | B3: Writers | C3: TRx per writer
A4: Cardiology | B4: 3200 | C4: 9.2
A5: Primary care | B5: 2600 | C5: 6.1
A6: Other spec. | B6: 900 | C6: 3.4

Sheet Compliance
A1: Liphendra Compliance — monthly source data
A2: Illustrative claims-based view; replace values as the ongoing claims feed becomes available.
A3: Month | B3: Forecast | C3: Actuals | D3: Source
A4: 46204 | B4: 0.8 | C4: 0.79 | D4: Illustrative claims data
A5: 46235 | B5: 0.8 | C5: 0.8 | D5: Illustrative claims data
A6: 46266 | B6: 0.8 | C6: 0.81 | D6: Illustrative claims data
A7: 46296 | B7: 0.8 | C7: 0.82 | D7: Illustrative claims data
A8: 46327 | B8: 0.8 | C8: 0.82 | D8: Illustrative claims data
A9: 46357 | B9: 0.8 | C9: 0.83 | D9: Illustrative claims data
